id,timestamp,mq135,mq2,mq4,mq7,jenis
29995,2025-06-02T16:56:17,0.213,0.207,1.054,2.123,40%arabika+60%robusta
29996,2025-06-02T16:56:18,0.212,0.207,1.052,2.117,40%arabika+60%robusta
29997,2025-06-02T16:56:19,0.212,0.206,1.051,2.114,40%arabika+60%robusta
29998,2025-06-02T16:56:20,0.212,0.207,1.051,2.11,40%arabika+60%robusta
29999,2025-06-02T16:56:21,0.212,0.206,1.05,2.107,40%arabika+60%robusta
30000,2025-06-02T16:56:22,0.212,0.207,1.051,2.107,40%arabika+60%robusta
30001,2025-06-02T16:56:23,0.212,0.206,1.05,2.104,40%arabika+60%robusta
30002,2025-06-02T16:56:24,0.212,0.207,1.049,2.102,40%arabika+60%robusta
30003,2025-06-02T16:56:25,0.212,0.207,1.049,2.1,40%arabika+60%robusta
30004,2025-06-02T16:56:27,0.212,0.207,1.048,2.098,40%arabika+60%robusta
30005,2025-06-02T16:56:28,0.212,0.206,1.048,2.096,40%arabika+60%robusta
30006,2025-06-02T16:56:29,0.211,0.206,1.046,2.092,40%arabika+60%robusta
30007,2025-06-02T16:56:30,0.211,0.206,1.045,2.091,40%arabika+60%robusta
30008,2025-06-02T16:56:31,0.211,0.206,1.044,2.09,40%arabika+60%robusta
30009,2025-06-02T16:56:32,0.211,0.206,1.044,2.09,40%arabika+60%robusta
30010,2025-06-02T16:56:33,0.211,0.206,1.044,2.092,40%arabika+60%robusta
30011,2025-06-02T16:56:34,0.211,0.206,1.045,2.094,40%arabika+60%robusta
30012,2025-06-02T16:56:35,0.211,0.206,1.045,2.095,40%arabika+60%robusta
30013,2025-06-02T16:56:36,0.211,0.206,1.045,2.095,40%arabika+60%robusta
30014,2025-06-02T16:56:37,0.211,0.206,1.045,2.096,40%arabika+60%robusta
30015,2025-06-02T16:56:38,0.211,0.206,1.044,2.093,40%arabika+60%robusta
30016,2025-06-02T16:56:39,0.211,0.206,1.043,2.093,40%arabika+60%robusta
30017,2025-06-02T16:56:40,0.211,0.206,1.043,2.093,40%arabika+60%robusta
30018,2025-06-02T16:56:42,0.211,0.206,1.043,2.093,40%arabika+60%robusta
30019,2025-06-02T16:56:43,0.211,0.207,1.043,2.093,40%arabika+60%robusta
30020,2025-06-02T16:56:44,0.211,0.207,1.045,2.097,40%arabika+60%robusta
30021,2025-06-02T16:56:45,0.211,0.207,1.045,2.098,40%arabika+60%robusta
30022,2025-06-02T16:56:46,0.211,0.207,1.045,2.098,40%arabika+60%robusta
30023,2025-06-02T16:56:47,0.211,0.208,1.045,2.099,40%arabika+60%robusta
30024,2025-06-02T16:56:48,0.211,0.207,1.044,2.093,40%arabika+60%robusta
30025,2025-06-02T16:56:49,0.211,0.208,1.044,2.095,40%arabika+60%robusta
30026,2025-06-02T16:56:50,0.211,0.208,1.044,2.095,40%arabika+60%robusta
30027,2025-06-02T16:56:51,0.211,0.208,1.044,2.095,40%arabika+60%robusta
30028,2025-06-02T16:56:52,0.211,0.208,1.044,2.095,40%arabika+60%robusta
30029,2025-06-02T16:56:53,0.212,0.208,1.045,2.098,40%arabika+60%robusta
30030,2025-06-02T16:56:54,0.212,0.209,1.045,2.098,40%arabika+60%robusta
30031,2025-06-02T16:56:55,0.212,0.209,1.046,2.098,40%arabika+60%robusta
30032,2025-06-02T16:56:57,0.212,0.209,1.046,2.098,40%arabika+60%robusta
30033,2025-06-02T16:56:58,0.212,0.209,1.046,2.098,40%arabika+60%robusta
30034,2025-06-02T16:56:59,0.212,0.209,1.047,2.099,40%arabika+60%robusta
30035,2025-06-02T16:57:00,0.213,0.21,1.051,2.108,40%arabika+60%robusta
30036,2025-06-02T16:57:01,0.213,0.21,1.051,2.108,40%arabika+60%robusta
30037,2025-06-02T16:57:02,0.213,0.21,1.051,2.108,40%arabika+60%robusta
30038,2025-06-02T16:57:03,0.214,0.21,1.052,2.111,40%arabika+60%robusta
30039,2025-06-02T16:57:04,0.214,0.21,1.052,2.11,40%arabika+60%robusta
30040,2025-06-02T16:57:05,0.214,0.21,1.052,2.11,40%arabika+60%robusta
30041,2025-06-02T16:57:06,0.214,0.21,1.052,2.109,40%arabika+60%robusta
30042,2025-06-02T16:57:07,0.214,0.21,1.051,2.109,40%arabika+60%robusta
30043,2025-06-02T16:57:08,0.213,0.209,1.05,2.105,40%arabika+60%robusta
30044,2025-06-02T16:57:09,0.213,0.209,1.05,2.103,40%arabika+60%robusta
30045,2025-06-02T16:57:10,0.213,0.209,1.05,2.102,40%arabika+60%robusta
30046,2025-06-02T16:57:12,0.213,0.209,1.049,2.101,40%arabika+60%robusta
30047,2025-06-02T16:57:13,0.213,0.209,1.049,2.098,40%arabika+60%robusta
30048,2025-06-02T16:57:14,0.213,0.209,1.05,2.101,40%arabika+60%robusta
30049,2025-06-02T16:57:15,0.213,0.209,1.049,2.102,40%arabika+60%robusta
30050,2025-06-02T16:57:16,0.213,0.209,1.049,2.102,40%arabika+60%robusta
30051,2025-06-02T16:57:17,0.213,0.21,1.049,2.102,40%arabika+60%robusta
30052,2025-06-02T16:57:18,0.213,0.21,1.048,2.099,40%arabika+60%robusta
30053,2025-06-02T16:57:19,0.213,0.21,1.049,2.101,40%arabika+60%robusta
30054,2025-06-02T16:57:20,0.213,0.21,1.048,2.1,40%arabika+60%robusta
30055,2025-06-02T16:57:21,0.213,0.21,1.048,2.1,40%arabika+60%robusta
30056,2025-06-02T16:57:22,0.213,0.21,1.048,2.1,40%arabika+60%robusta
30057,2025-06-02T16:57:23,0.212,0.21,1.046,2.097,40%arabika+60%robusta
30058,2025-06-02T16:57:24,0.212,0.21,1.046,2.096,40%arabika+60%robusta
30059,2025-06-02T16:57:26,0.212,0.21,1.046,2.096,40%arabika+60%robusta
30060,2025-06-02T16:57:27,0.212,0.21,1.045,2.095,40%arabika+60%robusta
30061,2025-06-02T16:57:28,0.212,0.21,1.045,2.095,40%arabika+60%robusta
30062,2025-06-02T16:57:29,0.213,0.21,1.047,2.098,40%arabika+60%robusta
30063,2025-06-02T16:57:30,0.213,0.211,1.047,2.099,40%arabika+60%robusta
30064,2025-06-02T16:57:31,0.213,0.211,1.047,2.1,40%arabika+60%robusta
30065,2025-06-02T16:57:32,0.213,0.211,1.047,2.101,40%arabika+60%robusta
30066,2025-06-02T16:57:33,0.213,0.211,1.046,2.098,40%arabika+60%robusta
30067,2025-06-02T16:57:34,0.213,0.211,1.046,2.098,40%arabika+60%robusta
30068,2025-06-02T16:57:35,0.213,0.211,1.046,2.098,40%arabika+60%robusta
30069,2025-06-02T16:57:36,0.213,0.211,1.045,2.098,40%arabika+60%robusta
30070,2025-06-02T16:57:37,0.213,0.211,1.045,2.099,40%arabika+60%robusta
30071,2025-06-02T16:57:38,0.213,0.212,1.047,2.102,40%arabika+60%robusta
30072,2025-06-02T16:57:39,0.213,0.212,1.047,2.102,40%arabika+60%robusta
30073,2025-06-02T16:57:40,0.213,0.212,1.047,2.103,40%arabika+60%robusta
30074,2025-06-02T16:57:42,0.213,0.212,1.047,2.103,40%arabika+60%robusta
30075,2025-06-02T16:57:43,0.213,0.212,1.047,2.103,40%arabika+60%robusta
30076,2025-06-02T16:57:44,0.213,0.212,1.046,2.101,40%arabika+60%robusta
30077,2025-06-02T16:57:45,0.213,0.212,1.046,2.101,40%arabika+60%robusta
30078,2025-06-02T16:57:46,0.213,0.212,1.046,2.101,40%arabika+60%robusta
30079,2025-06-02T16:57:47,0.213,0.212,1.046,2.102,40%arabika+60%robusta
30080,2025-06-02T16:57:48,0.213,0.213,1.045,2.102,40%arabika+60%robusta
30081,2025-06-02T16:57:49,0.213,0.213,1.046,2.103,40%arabika+60%robusta
30082,2025-06-02T16:57:50,0.213,0.213,1.046,2.103,40%arabika+60%robusta
30083,2025-06-02T16:57:51,0.213,0.213,1.046,2.103,40%arabika+60%robusta
30084,2025-06-02T16:57:52,0.213,0.213,1.046,2.104,40%arabika+60%robusta
30085,2025-06-02T16:57:53,0.213,0.214,1.047,2.107,40%arabika+60%robusta
30086,2025-06-02T16:57:54,0.213,0.213,1.046,2.106,40%arabika+60%robusta
30087,2025-06-02T16:57:55,0.214,0.214,1.048,2.109,40%arabika+60%robusta
30088,2025-06-02T16:57:57,0.214,0.214,1.048,2.11,40%arabika+60%robusta
30089,2025-06-02T16:57:58,0.214,0.214,1.049,2.111,40%arabika+60%robusta
30090,2025-06-02T16:57:59,0.213,0.214,1.048,2.108,40%arabika+60%robusta
30091,2025-06-02T16:58:00,0.214,0.214,1.048,2.109,40%arabika+60%robusta
30092,2025-06-02T16:58:01,0.214,0.214,1.047,2.109,40%arabika+60%robusta
30093,2025-06-02T16:58:02,0.214,0.214,1.048,2.109,40%arabika+60%robusta
30094,2025-06-02T16:58:03,0.214,0.215,1.049,2.112,40%arabika+60%robusta
30095,2025-06-02T16:58:04,0.214,0.215,1.05,2.114,40%arabika+60%robusta
30096,2025-06-02T16:58:05,0.214,0.215,1.05,2.114,40%arabika+60%robusta
30097,2025-06-02T16:58:06,0.214,0.215,1.05,2.115,40%arabika+60%robusta
30098,2025-06-02T16:58:07,0.214,0.215,1.05,2.115,40%arabika+60%robusta
30099,2025-06-02T16:58:08,0.214,0.215,1.049,2.112,40%arabika+60%robusta
30100,2025-06-02T16:58:09,0.214,0.215,1.049,2.112,40%arabika+60%robusta
30101,2025-06-02T16:58:11,0.214,0.215,1.05,2.112,40%arabika+60%robusta
30102,2025-06-02T16:58:12,0.214,0.215,1.049,2.112,40%arabika+60%robusta
30103,2025-06-02T16:58:13,0.214,0.216,1.05,2.112,40%arabika+60%robusta
30104,2025-06-02T16:58:14,0.214,0.216,1.051,2.116,40%arabika+60%robusta
30105,2025-06-02T16:58:15,0.215,0.216,1.052,2.117,40%arabika+60%robusta
30106,2025-06-02T16:58:16,0.215,0.216,1.052,2.118,40%arabika+60%robusta
30107,2025-06-02T16:58:17,0.215,0.216,1.052,2.118,40%arabika+60%robusta
30108,2025-06-02T16:58:18,0.215,0.216,1.051,2.115,40%arabika+60%robusta
30109,2025-06-02T16:58:19,0.215,0.216,1.051,2.116,40%arabika+60%robusta
30110,2025-06-02T16:58:20,0.215,0.216,1.051,2.116,40%arabika+60%robusta
30111,2025-06-02T16:58:21,0.215,0.216,1.051,2.116,40%arabika+60%robusta
30112,2025-06-02T16:58:22,0.215,0.217,1.051,2.116,40%arabika+60%robusta
30113,2025-06-02T16:58:23,0.215,0.217,1.053,2.12,40%arabika+60%robusta
30114,2025-06-02T16:58:24,0.215,0.217,1.053,2.121,40%arabika+60%robusta
30115,2025-06-02T16:58:26,0.215,0.217,1.053,2.121,40%arabika+60%robusta
30116,2025-06-02T16:58:27,0.215,0.218,1.054,2.122,40%arabika+60%robusta
30117,2025-06-02T16:58:28,0.215,0.218,1.054,2.122,40%arabika+60%robusta
30118,2025-06-02T16:58:29,0.215,0.217,1.052,2.118,40%arabika+60%robusta
30119,2025-06-02T16:58:30,0.215,0.217,1.052,2.119,40%arabika+60%robusta
30120,2025-06-02T16:58:31,0.215,0.217,1.052,2.119,40%arabika+60%robusta
30121,2025-06-02T16:58:32,0.215,0.218,1.052,2.119,40%arabika+60%robusta
30122,2025-06-02T16:58:33,0.215,0.218,1.054,2.122,40%arabika+60%robusta
30123,2025-06-02T16:58:34,0.215,0.218,1.054,2.123,40%arabika+60%robusta
30124,2025-06-02T16:58:35,0.215,0.218,1.054,2.124,40%arabika+60%robusta
30125,2025-06-02T16:58:36,0.216,0.218,1.054,2.124,40%arabika+60%robusta
30126,2025-06-02T16:58:37,0.216,0.218,1.055,2.125,40%arabika+60%robusta
30127,2025-06-02T16:58:38,0.216,0.218,1.054,2.126,40%arabika+60%robusta
30128,2025-06-02T16:58:39,0.215,0.218,1.054,2.126,40%arabika+60%robusta
30129,2025-06-02T16:58:41,0.215,0.218,1.055,2.126,40%arabika+60%robusta
30130,2025-06-02T16:58:42,0.215,0.218,1.055,2.127,40%arabika+60%robusta
30131,2025-06-02T16:58:43,0.215,0.218,1.053,2.127,40%arabika+60%robusta
30132,2025-06-02T16:58:44,0.215,0.218,1.054,2.125,40%arabika+60%robusta
30133,2025-06-02T16:58:45,0.215,0.218,1.054,2.125,40%arabika+60%robusta
30134,2025-06-02T16:58:46,0.215,0.218,1.054,2.124,40%arabika+60%robusta
30135,2025-06-02T16:58:47,0.215,0.218,1.053,2.124,40%arabika+60%robusta
30136,2025-06-02T16:58:48,0.215,0.218,1.054,2.126,40%arabika+60%robusta
30137,2025-06-02T16:58:49,0.215,0.218,1.054,2.127,40%arabika+60%robusta
30138,2025-06-02T16:58:50,0.215,0.219,1.054,2.126,40%arabika+60%robusta
30139,2025-06-02T16:58:51,0.215,0.218,1.054,2.126,40%arabika+60%robusta
30140,2025-06-02T16:58:52,0.215,0.218,1.053,2.125,40%arabika+60%robusta
30141,2025-06-02T16:58:54,0.215,0.218,1.052,2.122,40%arabika+60%robusta
30142,2025-06-02T16:58:55,0.215,0.217,1.052,2.121,40%arabika+60%robusta
30143,2025-06-02T16:58:56,0.214,0.217,1.052,2.12,40%arabika+60%robusta
30144,2025-06-02T16:58:57,0.214,0.217,1.052,2.12,40%arabika+60%robusta
30145,2025-06-02T16:58:58,0.214,0.217,1.053,2.115,40%arabika+60%robusta
30146,2025-06-02T16:58:59,0.215,0.217,1.053,2.123,40%arabika+60%robusta
30147,2025-06-02T16:59:00,0.215,0.217,1.053,2.123,40%arabika+60%robusta
30148,2025-06-02T16:59:01,0.215,0.217,1.053,2.123,40%arabika+60%robusta
30149,2025-06-02T16:59:02,0.215,0.217,1.053,2.124,40%arabika+60%robusta
30150,2025-06-02T16:59:03,0.215,0.217,1.052,2.121,40%arabika+60%robusta
30151,2025-06-02T16:59:04,0.215,0.217,1.052,2.12,40%arabika+60%robusta
30152,2025-06-02T16:59:05,0.215,0.217,1.052,2.12,40%arabika+60%robusta
30153,2025-06-02T16:59:06,0.214,0.217,1.051,2.118,40%arabika+60%robusta
30154,2025-06-02T16:59:07,0.215,0.217,1.052,2.12,40%arabika+60%robusta
30155,2025-06-02T16:59:09,0.215,0.218,1.053,2.123,40%arabika+60%robusta
30156,2025-06-02T16:59:10,0.215,0.218,1.053,2.124,40%arabika+60%robusta
30157,2025-06-02T16:59:11,0.215,0.218,1.054,2.124,40%arabika+60%robusta
30158,2025-06-02T16:59:12,0.215,0.218,1.054,2.125,40%arabika+60%robusta
30159,2025-06-02T16:59:13,0.215,0.218,1.052,2.122,40%arabika+60%robusta
30160,2025-06-02T16:59:14,0.215,0.218,1.052,2.122,40%arabika+60%robusta
30161,2025-06-02T16:59:15,0.215,0.218,1.052,2.122,40%arabika+60%robusta
30162,2025-06-02T16:59:16,0.215,0.218,1.052,2.123,40%arabika+60%robusta
30163,2025-06-02T16:59:17,0.215,0.218,1.052,2.123,40%arabika+60%robusta
30164,2025-06-02T16:59:18,0.215,0.218,1.053,2.125,40%arabika+60%robusta
30165,2025-06-02T16:59:19,0.215,0.219,1.054,2.126,40%arabika+60%robusta
30166,2025-06-02T16:59:20,0.215,0.219,1.054,2.127,40%arabika+60%robusta
30167,2025-06-02T16:59:21,0.215,0.219,1.054,2.128,40%arabika+60%robusta
30168,2025-06-02T16:59:22,0.216,0.219,1.055,2.128,40%arabika+60%robusta
30169,2025-06-02T16:59:24,0.216,0.219,1.055,2.128,40%arabika+60%robusta
30170,2025-06-02T16:59:25,0.216,0.219,1.054,2.128,40%arabika+60%robusta
30171,2025-06-02T16:59:26,0.216,0.219,1.054,2.127,40%arabika+60%robusta
30172,2025-06-02T16:59:27,0.216,0.219,1.055,2.129,40%arabika+60%robusta
30173,2025-06-02T16:59:28,0.215,0.219,1.054,2.127,40%arabika+60%robusta
30174,2025-06-02T16:59:29,0.215,0.219,1.054,2.127,40%arabika+60%robusta
30175,2025-06-02T16:59:30,0.215,0.219,1.054,2.126,40%arabika+60%robusta
30176,2025-06-02T16:59:31,0.215,0.219,1.054,2.127,40%arabika+60%robusta
30177,2025-06-02T16:59:32,0.215,0.219,1.054,2.127,40%arabika+60%robusta
30178,2025-06-02T16:59:33,0.216,0.219,1.055,2.13,40%arabika+60%robusta
30179,2025-06-02T16:59:34,0.216,0.219,1.055,2.131,40%arabika+60%robusta
30180,2025-06-02T16:59:35,0.216,0.219,1.055,2.131,40%arabika+60%robusta
30181,2025-06-02T16:59:36,0.216,0.219,1.056,2.132,40%arabika+60%robusta
30182,2025-06-02T16:59:38,0.216,0.219,1.056,2.133,40%arabika+60%robusta
30183,2025-06-02T16:59:39,0.215,0.219,1.054,2.13,40%arabika+60%robusta
30184,2025-06-02T16:59:40,0.215,0.219,1.054,2.13,40%arabika+60%robusta
30185,2025-06-02T16:59:41,0.215,0.219,1.054,2.13,40%arabika+60%robusta
30186,2025-06-02T16:59:42,0.215,0.219,1.054,2.131,40%arabika+60%robusta
30187,2025-06-02T16:59:43,0.216,0.22,1.056,2.133,40%arabika+60%robusta
30188,2025-06-02T16:59:44,0.216,0.22,1.056,2.132,40%arabika+60%robusta
30189,2025-06-02T16:59:45,0.216,0.22,1.056,2.135,40%arabika+60%robusta
30190,2025-06-02T16:59:46,0.216,0.22,1.056,2.136,40%arabika+60%robusta
30191,2025-06-02T16:59:47,0.216,0.22,1.056,2.136,40%arabika+60%robusta
30192,2025-06-02T16:59:48,0.216,0.22,1.055,2.133,40%arabika+60%robusta
30193,2025-06-02T16:59:49,0.216,0.22,1.055,2.132,40%arabika+60%robusta
30194,2025-06-02T16:59:50,0.216,0.22,1.055,2.133,40%arabika+60%robusta
30195,2025-06-02T16:59:51,0.216,0.22,1.055,2.134,40%arabika+60%robusta
30196,2025-06-02T16:59:53,0.216,0.22,1.055,2.134,40%arabika+60%robusta
30197,2025-06-02T16:59:54,0.216,0.22,1.056,2.137,40%arabika+60%robusta
30198,2025-06-02T16:59:55,0.216,0.22,1.057,2.138,40%arabika+60%robusta
30199,2025-06-02T16:59:56,0.216,0.22,1.057,2.139,40%arabika+60%robusta
30200,2025-06-02T16:59:57,0.216,0.22,1.057,2.139,40%arabika+60%robusta
30201,2025-06-02T16:59:58,0.216,0.22,1.055,2.136,40%arabika+60%robusta
30202,2025-06-02T16:59:59,0.216,0.219,1.054,2.135,40%arabika+60%robusta
30203,2025-06-02T17:00:00,0.216,0.22,1.056,2.136,40%arabika+60%robusta
30204,2025-06-02T17:00:01,0.216,0.22,1.056,2.137,40%arabika+60%robusta
30205,2025-06-02T17:00:02,0.216,0.22,1.056,2.137,40%arabika+60%robusta
30206,2025-06-02T17:00:03,0.216,0.22,1.057,2.14,40%arabika+60%robusta
30207,2025-06-02T17:00:04,0.216,0.22,1.057,2.141,40%arabika+60%robusta
30208,2025-06-02T17:00:05,0.216,0.22,1.058,2.141,40%arabika+60%robusta
30209,2025-06-02T17:00:06,0.216,0.22,1.058,2.142,40%arabika+60%robusta
30210,2025-06-02T17:00:08,0.216,0.221,1.058,2.142,40%arabika+60%robusta
30211,2025-06-02T17:00:09,0.216,0.22,1.057,2.139,40%arabika+60%robusta
30212,2025-06-02T17:00:10,0.216,0.22,1.057,2.139,40%arabika+60%robusta
30213,2025-06-02T17:00:11,0.216,0.22,1.057,2.139,40%arabika+60%robusta
30214,2025-06-02T17:00:12,0.216,0.22,1.057,2.138,40%arabika+60%robusta
30215,2025-06-02T17:00:13,0.216,0.221,1.058,2.141,40%arabika+60%robusta
30216,2025-06-02T17:00:14,0.216,0.221,1.058,2.14,40%arabika+60%robusta
30217,2025-06-02T17:00:15,0.217,0.221,1.058,2.141,40%arabika+60%robusta
30218,2025-06-02T17:00:16,0.217,0.221,1.058,2.141,40%arabika+60%robusta
30219,2025-06-02T17:00:17,0.217,0.221,1.058,2.141,40%arabika+60%robusta
30220,2025-06-02T17:00:18,0.216,0.221,1.056,2.136,40%arabika+60%robusta
30221,2025-06-02T17:00:19,0.216,0.221,1.057,2.138,40%arabika+60%robusta
30222,2025-06-02T17:00:20,0.216,0.221,1.057,2.138,40%arabika+60%robusta
30223,2025-06-02T17:00:22,0.216,0.221,1.057,2.138,40%arabika+60%robusta
30224,2025-06-02T17:00:23,0.216,0.221,1.057,2.138,40%arabika+60%robusta
30225,2025-06-02T17:00:24,0.217,0.221,1.058,2.141,40%arabika+60%robusta
30226,2025-06-02T17:00:25,0.217,0.221,1.058,2.142,40%arabika+60%robusta
30227,2025-06-02T17:00:26,0.217,0.221,1.059,2.143,40%arabika+60%robusta
30228,2025-06-02T17:00:27,0.217,0.221,1.059,2.143,40%arabika+60%robusta
30229,2025-06-02T17:00:28,0.217,0.221,1.058,2.141,40%arabika+60%robusta
30230,2025-06-02T17:00:29,0.216,0.221,1.058,2.141,40%arabika+60%robusta
30231,2025-06-02T17:00:30,0.216,0.221,1.058,2.141,40%arabika+60%robusta
30232,2025-06-02T17:00:31,0.216,0.221,1.058,2.142,40%arabika+60%robusta
30233,2025-06-02T17:00:32,0.216,0.22,1.056,2.14,40%arabika+60%robusta
30234,2025-06-02T17:00:33,0.217,0.221,1.059,2.145,40%arabika+60%robusta
30235,2025-06-02T17:00:34,0.217,0.22,1.059,2.146,40%arabika+60%robusta
30236,2025-06-02T17:00:35,0.217,0.22,1.06,2.147,40%arabika+60%robusta
30237,2025-06-02T17:00:37,0.217,0.22,1.06,2.147,40%arabika+60%robusta
30238,2025-06-02T17:00:38,0.217,0.22,1.06,2.147,40%arabika+60%robusta
30239,2025-06-02T17:00:39,0.216,0.22,1.059,2.146,40%arabika+60%robusta
30240,2025-06-02T17:00:40,0.216,0.22,1.059,2.145,40%arabika+60%robusta
30241,2025-06-02T17:00:41,0.216,0.22,1.059,2.144,40%arabika+60%robusta
30242,2025-06-02T17:00:42,0.216,0.22,1.059,2.143,40%arabika+60%robusta
30243,2025-06-02T17:00:43,0.216,0.22,1.056,2.139,40%arabika+60%robusta
30244,2025-06-02T17:00:44,0.216,0.22,1.057,2.138,40%arabika+60%robusta
30245,2025-06-02T17:00:45,0.216,0.22,1.056,2.137,40%arabika+60%robusta
30246,2025-06-02T17:00:46,0.216,0.22,1.056,2.136,40%arabika+60%robusta
30247,2025-06-02T17:00:47,0.216,0.22,1.056,2.136,40%arabika+60%robusta
30248,2025-06-02T17:00:48,0.216,0.22,1.057,2.138,40%arabika+60%robusta
30249,2025-06-02T17:00:49,0.216,0.22,1.057,2.139,40%arabika+60%robusta
30250,2025-06-02T17:00:50,0.216,0.221,1.058,2.139,40%arabika+60%robusta
30251,2025-06-02T17:00:52,0.216,0.22,1.056,2.136,40%arabika+60%robusta
30252,2025-06-02T17:00:53,0.216,0.221,1.057,2.138,40%arabika+60%robusta
30253,2025-06-02T17:00:54,0.216,0.22,1.056,2.135,40%arabika+60%robusta
30254,2025-06-02T17:00:55,0.216,0.22,1.055,2.134,40%arabika+60%robusta
30255,2025-06-02T17:00:56,0.216,0.22,1.054,2.134,40%arabika+60%robusta
30256,2025-06-02T17:00:57,0.216,0.221,1.056,2.134,40%arabika+60%robusta
30257,2025-06-02T17:00:58,0.216,0.221,1.057,2.137,40%arabika+60%robusta
30258,2025-06-02T17:00:59,0.216,0.221,1.057,2.138,40%arabika+60%robusta
30259,2025-06-02T17:01:00,0.217,0.221,1.057,2.139,40%arabika+60%robusta
30260,2025-06-02T17:01:01,0.217,0.221,1.057,2.139,40%arabika+60%robusta
30261,2025-06-02T17:01:02,0.217,0.222,1.058,2.14,40%arabika+60%robusta
30262,2025-06-02T17:01:03,0.216,0.221,1.056,2.138,40%arabika+60%robusta
30263,2025-06-02T17:01:04,0.216,0.221,1.056,2.138,40%arabika+60%robusta
30264,2025-06-02T17:01:06,0.216,0.221,1.056,2.138,40%arabika+60%robusta
30265,2025-06-02T17:01:07,0.216,0.221,1.056,2.138,40%arabika+60%robusta
30266,2025-06-02T17:01:08,0.217,0.222,1.056,2.138,40%arabika+60%robusta
30267,2025-06-02T17:01:09,0.217,0.222,1.057,2.141,40%arabika+60%robusta
30268,2025-06-02T17:01:10,0.217,0.222,1.058,2.142,40%arabika+60%robusta
30269,2025-06-02T17:01:11,0.217,0.222,1.058,2.142,40%arabika+60%robusta
30270,2025-06-02T17:01:12,0.217,0.222,1.057,2.143,40%arabika+60%robusta
30271,2025-06-02T17:01:13,0.217,0.222,1.058,2.142,40%arabika+60%robusta
30272,2025-06-02T17:01:14,0.217,0.222,1.058,2.143,40%arabika+60%robusta
30273,2025-06-02T17:01:15,0.217,0.222,1.058,2.143,40%arabika+60%robusta
30274,2025-06-02T17:01:16,0.217,0.222,1.058,2.143,40%arabika+60%robusta
30275,2025-06-02T17:01:17,0.217,0.223,1.058,2.143,40%arabika+60%robusta
30276,2025-06-02T17:01:18,0.217,0.222,1.057,2.14,40%arabika+60%robusta
30277,2025-06-02T17:01:20,0.217,0.222,1.057,2.14,40%arabika+60%robusta
30278,2025-06-02T17:01:21,0.217,0.222,1.057,2.139,40%arabika+60%robusta
30279,2025-06-02T17:01:22,0.217,0.222,1.057,2.139,40%arabika+60%robusta
30280,2025-06-02T17:01:23,0.217,0.223,1.056,2.139,40%arabika+60%robusta
30281,2025-06-02T17:01:24,0.217,0.223,1.058,2.142,40%arabika+60%robusta
30282,2025-06-02T17:01:25,0.217,0.223,1.058,2.143,40%arabika+60%robusta
30283,2025-06-02T17:01:26,0.217,0.223,1.058,2.144,40%arabika+60%robusta
30284,2025-06-02T17:01:27,0.217,0.223,1.059,2.144,40%arabika+60%robusta
30285,2025-06-02T17:01:28,0.217,0.223,1.056,2.141,40%arabika+60%robusta
30286,2025-06-02T17:01:29,0.217,0.223,1.057,2.141,40%arabika+60%robusta
30287,2025-06-02T17:01:30,0.217,0.223,1.057,2.141,40%arabika+60%robusta
30288,2025-06-02T17:01:31,0.217,0.223,1.057,2.141,40%arabika+60%robusta
30289,2025-06-02T17:01:32,0.217,0.223,1.057,2.141,40%arabika+60%robusta
30290,2025-06-02T17:01:33,0.218,0.224,1.059,2.144,40%arabika+60%robusta
30291,2025-06-02T17:01:34,0.218,0.224,1.059,2.144,40%arabika+60%robusta
30292,2025-06-02T17:01:36,0.218,0.224,1.059,2.145,40%arabika+60%robusta
30293,2025-06-02T17:01:37,0.218,0.224,1.059,2.145,40%arabika+60%robusta
30294,2025-06-02T17:01:38,0.218,0.224,1.058,2.144,40%arabika+60%robusta
30295,2025-06-02T17:01:39,0.218,0.224,1.058,2.143,40%arabika+60%robusta
30296,2025-06-02T17:01:40,0.218,0.224,1.058,2.143,40%arabika+60%robusta
30297,2025-06-02T17:01:41,0.218,0.224,1.058,2.143,40%arabika+60%robusta
30298,2025-06-02T17:01:42,0.218,0.224,1.058,2.143,40%arabika+60%robusta
30299,2025-06-02T17:01:43,0.218,0.225,1.06,2.146,40%arabika+60%robusta
30300,2025-06-02T17:01:44,0.218,0.225,1.059,2.145,40%arabika+60%robusta
30301,2025-06-02T17:01:45,0.218,0.225,1.06,2.148,40%arabika+60%robusta
30302,2025-06-02T17:01:46,0.218,0.225,1.06,2.148,40%arabika+60%robusta
30303,2025-06-02T17:01:47,0.218,0.224,1.06,2.149,40%arabika+60%robusta
30304,2025-06-02T17:01:48,0.218,0.224,1.058,2.146,40%arabika+60%robusta
30305,2025-06-02T17:01:50,0.218,0.224,1.057,2.144,40%arabika+60%robusta
30306,2025-06-02T17:01:51,0.218,0.224,1.057,2.142,40%arabika+60%robusta
30307,2025-06-02T17:01:52,0.218,0.224,1.056,2.141,40%arabika+60%robusta
30308,2025-06-02T17:01:53,0.218,0.224,1.056,2.14,40%arabika+60%robusta
30309,2025-06-02T17:01:54,0.218,0.225,1.058,2.141,40%arabika+60%robusta
30310,2025-06-02T17:01:55,0.218,0.225,1.058,2.14,40%arabika+60%robusta
30311,2025-06-02T17:01:56,0.218,0.225,1.058,2.14,40%arabika+60%robusta
30312,2025-06-02T17:01:57,0.218,0.225,1.058,2.141,40%arabika+60%robusta
30313,2025-06-02T17:01:58,0.218,0.225,1.059,2.141,40%arabika+60%robusta
30314,2025-06-02T17:01:59,0.218,0.225,1.058,2.141,40%arabika+60%robusta
30315,2025-06-02T17:02:00,0.218,0.225,1.058,2.141,40%arabika+60%robusta
30316,2025-06-02T17:02:01,0.217,0.225,1.057,2.142,40%arabika+60%robusta
30317,2025-06-02T17:02:02,0.217,0.225,1.057,2.142,40%arabika+60%robusta
30318,2025-06-02T17:02:04,0.217,0.225,1.056,2.139,40%arabika+60%robusta
30319,2025-06-02T17:02:05,0.217,0.225,1.056,2.139,40%arabika+60%robusta
30320,2025-06-02T17:02:06,0.217,0.225,1.056,2.136,40%arabika+60%robusta
30321,2025-06-02T17:02:07,0.217,0.225,1.055,2.133,40%arabika+60%robusta
30322,2025-06-02T17:02:08,0.217,0.224,1.054,2.13,40%arabika+60%robusta
30323,2025-06-02T17:02:09,0.217,0.224,1.053,2.129,40%arabika+60%robusta
30324,2025-06-02T17:02:10,0.217,0.224,1.053,2.127,40%arabika+60%robusta
30325,2025-06-02T17:02:11,0.217,0.224,1.052,2.126,40%arabika+60%robusta
30326,2025-06-02T17:02:12,0.217,0.223,1.052,2.125,40%arabika+60%robusta
30327,2025-06-02T17:02:13,0.216,0.223,1.05,2.121,40%arabika+60%robusta
30328,2025-06-02T17:02:14,0.216,0.223,1.05,2.12,40%arabika+60%robusta
30329,2025-06-02T17:02:15,0.216,0.223,1.049,2.119,40%arabika+60%robusta
30330,2025-06-02T17:02:16,0.216,0.223,1.049,2.118,40%arabika+60%robusta
30331,2025-06-02T17:02:18,0.216,0.223,1.048,2.117,40%arabika+60%robusta
30332,2025-06-02T17:02:19,0.216,0.223,1.049,2.12,40%arabika+60%robusta
30333,2025-06-02T17:02:20,0.216,0.223,1.049,2.12,40%arabika+60%robusta
30334,2025-06-02T17:02:21,0.216,0.223,1.049,2.12,40%arabika+60%robusta
30335,2025-06-02T17:02:22,0.216,0.223,1.049,2.12,40%arabika+60%robusta
30336,2025-06-02T17:02:23,0.216,0.223,1.046,2.115,40%arabika+60%robusta
30337,2025-06-02T17:02:24,0.216,0.223,1.047,2.116,40%arabika+60%robusta
30338,2025-06-02T17:02:25,0.216,0.223,1.047,2.116,40%arabika+60%robusta
30339,2025-06-02T17:02:26,0.216,0.223,1.047,2.116,40%arabika+60%robusta
30340,2025-06-02T17:02:27,0.216,0.223,1.047,2.116,40%arabika+60%robusta
30341,2025-06-02T17:02:28,0.216,0.224,1.048,2.119,40%arabika+60%robusta
30342,2025-06-02T17:02:29,0.217,0.224,1.048,2.119,40%arabika+60%robusta
30343,2025-06-02T17:02:30,0.217,0.224,1.048,2.12,40%arabika+60%robusta
30344,2025-06-02T17:02:31,0.217,0.224,1.048,2.12,40%arabika+60%robusta
30345,2025-06-02T17:02:33,0.217,0.224,1.048,2.12,40%arabika+60%robusta
30346,2025-06-02T17:02:34,0.217,0.224,1.048,2.12,40%arabika+60%robusta
30347,2025-06-02T17:02:35,0.217,0.224,1.048,2.12,40%arabika+60%robusta
30348,2025-06-02T17:02:36,0.217,0.224,1.048,2.121,40%arabika+60%robusta
30349,2025-06-02T17:02:37,0.217,0.224,1.048,2.121,40%arabika+60%robusta
30350,2025-06-02T17:02:38,0.217,0.224,1.047,2.118,40%arabika+60%robusta
30351,2025-06-02T17:02:39,0.216,0.224,1.047,2.118,40%arabika+60%robusta
30352,2025-06-02T17:02:40,0.216,0.224,1.047,2.118,40%arabika+60%robusta
30353,2025-06-02T17:02:41,0.216,0.224,1.047,2.118,40%arabika+60%robusta
30354,2025-06-02T17:02:42,0.216,0.224,1.047,2.118,40%arabika+60%robusta
30355,2025-06-02T17:02:43,0.217,0.224,1.048,2.121,40%arabika+60%robusta
30356,2025-06-02T17:02:44,0.217,0.224,1.048,2.122,40%arabika+60%robusta
30357,2025-06-02T17:02:45,0.217,0.224,1.048,2.123,40%arabika+60%robusta
30358,2025-06-02T17:02:47,0.217,0.224,1.049,2.123,40%arabika+60%robusta
30359,2025-06-02T17:02:48,0.217,0.224,1.049,2.124,40%arabika+60%robusta
30360,2025-06-02T17:02:49,0.216,0.224,1.048,2.122,40%arabika+60%robusta
30361,2025-06-02T17:02:50,0.216,0.223,1.047,2.122,40%arabika+60%robusta
30362,2025-06-02T17:02:51,0.216,0.223,1.047,2.121,40%arabika+60%robusta
30363,2025-06-02T17:02:52,0.216,0.223,1.047,2.122,40%arabika+60%robusta
30364,2025-06-02T17:02:53,0.216,0.224,1.049,2.124,40%arabika+60%robusta
30365,2025-06-02T17:02:54,0.216,0.224,1.049,2.123,40%arabika+60%robusta
30366,2025-06-02T17:02:55,0.216,0.224,1.049,2.122,40%arabika+60%robusta
30367,2025-06-02T17:02:56,0.216,0.224,1.049,2.121,40%arabika+60%robusta
30368,2025-06-02T17:02:57,0.216,0.224,1.049,2.12,40%arabika+60%robusta
30369,2025-06-02T17:02:58,0.216,0.223,1.047,2.116,40%arabika+60%robusta
30370,2025-06-02T17:02:59,0.216,0.223,1.047,2.115,40%arabika+60%robusta
30371,2025-06-02T17:03:00,0.216,0.223,1.047,2.114,40%arabika+60%robusta
30372,2025-06-02T17:03:02,0.215,0.223,1.047,2.113,40%arabika+60%robusta
30373,2025-06-02T17:03:03,0.215,0.223,1.046,2.113,40%arabika+60%robusta
30374,2025-06-02T17:03:04,0.216,0.224,1.048,2.115,40%arabika+60%robusta
30375,2025-06-02T17:03:05,0.216,0.223,1.048,2.115,40%arabika+60%robusta
30376,2025-06-02T17:03:06,0.216,0.224,1.048,2.115,40%arabika+60%robusta
30377,2025-06-02T17:03:07,0.216,0.224,1.048,2.114,40%arabika+60%robusta
30378,2025-06-02T17:03:08,0.216,0.223,1.048,2.113,40%arabika+60%robusta
30379,2025-06-02T17:03:09,0.216,0.224,1.048,2.114,40%arabika+60%robusta
30380,2025-06-02T17:03:10,0.216,0.224,1.048,2.114,40%arabika+60%robusta
30381,2025-06-02T17:03:11,0.216,0.224,1.048,2.114,40%arabika+60%robusta
30382,2025-06-02T17:03:12,0.216,0.224,1.048,2.115,40%arabika+60%robusta
30383,2025-06-02T17:03:13,0.216,0.224,1.048,2.115,40%arabika+60%robusta
30384,2025-06-02T17:03:14,0.216,0.224,1.048,2.115,40%arabika+60%robusta
30385,2025-06-02T17:03:16,0.216,0.224,1.048,2.115,40%arabika+60%robusta
30386,2025-06-02T17:03:17,0.216,0.224,1.048,2.116,40%arabika+60%robusta
30387,2025-06-02T17:03:18,0.216,0.224,1.048,2.117,40%arabika+60%robusta
30388,2025-06-02T17:03:19,0.216,0.224,1.048,2.117,40%arabika+60%robusta
30389,2025-06-02T17:03:20,0.216,0.224,1.048,2.118,40%arabika+60%robusta
30390,2025-06-02T17:03:21,0.216,0.224,1.047,2.118,40%arabika+60%robusta
30391,2025-06-02T17:03:22,0.216,0.224,1.048,2.118,40%arabika+60%robusta
30392,2025-06-02T17:03:23,0.216,0.224,1.047,2.115,40%arabika+60%robusta
30393,2025-06-02T17:03:24,0.216,0.223,1.047,2.116,40%arabika+60%robusta
30394,2025-06-02T17:03:25,0.216,0.224,1.047,2.116,40%arabika+60%robusta
30395,2025-06-02T17:03:26,0.216,0.224,1.047,2.116,40%arabika+60%robusta
30396,2025-06-02T17:03:27,0.216,0.224,1.047,2.117,40%arabika+60%robusta
30397,2025-06-02T17:03:28,0.216,0.224,1.048,2.12,40%arabika+60%robusta
30398,2025-06-02T17:03:30,0.217,0.224,1.048,2.121,40%arabika+60%robusta
30399,2025-06-02T17:03:31,0.217,0.224,1.049,2.122,40%arabika+60%robusta
30400,2025-06-02T17:03:32,0.217,0.224,1.049,2.123,40%arabika+60%robusta
30401,2025-06-02T17:03:33,0.216,0.224,1.048,2.12,40%arabika+60%robusta
30402,2025-06-02T17:03:34,0.216,0.224,1.046,2.12,40%arabika+60%robusta
30403,2025-06-02T17:03:35,0.216,0.224,1.048,2.12,40%arabika+60%robusta
30404,2025-06-02T17:03:36,0.216,0.224,1.048,2.12,40%arabika+60%robusta
30405,2025-06-02T17:03:37,0.216,0.224,1.048,2.121,40%arabika+60%robusta
30406,2025-06-02T17:03:38,0.217,0.224,1.049,2.123,40%arabika+60%robusta
30407,2025-06-02T17:03:39,0.217,0.224,1.05,2.124,40%arabika+60%robusta
30408,2025-06-02T17:03:40,0.217,0.225,1.05,2.125,40%arabika+60%robusta
30409,2025-06-02T17:03:41,0.217,0.225,1.05,2.125,40%arabika+60%robusta
30410,2025-06-02T17:03:42,0.217,0.225,1.05,2.126,40%arabika+60%robusta
30411,2025-06-02T17:03:44,0.217,0.224,1.049,2.123,40%arabika+60%robusta
30412,2025-06-02T17:03:45,0.217,0.224,1.049,2.123,40%arabika+60%robusta
30413,2025-06-02T17:03:46,0.217,0.224,1.049,2.123,40%arabika+60%robusta
30414,2025-06-02T17:03:47,0.217,0.224,1.05,2.123,40%arabika+60%robusta
30415,2025-06-02T17:03:48,0.216,0.224,1.047,2.119,40%arabika+60%robusta
30416,2025-06-02T17:03:49,0.217,0.225,1.05,2.124,40%arabika+60%robusta
30417,2025-06-02T17:03:50,0.217,0.225,1.052,2.127,40%arabika+60%robusta
30418,2025-06-02T17:03:51,0.217,0.225,1.052,2.127,40%arabika+60%robusta
30419,2025-06-02T17:03:52,0.217,0.225,1.052,2.128,40%arabika+60%robusta
30420,2025-06-02T17:03:53,0.217,0.225,1.051,2.125,40%arabika+60%robusta
30421,2025-06-02T17:03:54,0.217,0.224,1.05,2.123,40%arabika+60%robusta
30422,2025-06-02T17:03:55,0.217,0.225,1.051,2.125,40%arabika+60%robusta
30423,2025-06-02T17:03:56,0.217,0.225,1.051,2.125,40%arabika+60%robusta
30424,2025-06-02T17:03:57,0.217,0.225,1.051,2.125,40%arabika+60%robusta
30425,2025-06-02T17:03:59,0.217,0.225,1.052,2.128,40%arabika+60%robusta
30426,2025-06-02T17:04:00,0.217,0.225,1.053,2.128,40%arabika+60%robusta
30427,2025-06-02T17:04:01,0.217,0.225,1.053,2.128,40%arabika+60%robusta
30428,2025-06-02T17:04:02,0.217,0.225,1.053,2.129,40%arabika+60%robusta
30429,2025-06-02T17:04:03,0.217,0.224,1.052,2.126,40%arabika+60%robusta
30430,2025-06-02T17:04:04,0.217,0.224,1.052,2.121,40%arabika+60%robusta
30431,2025-06-02T17:04:05,0.217,0.224,1.052,2.125,40%arabika+60%robusta
30432,2025-06-02T17:04:06,0.217,0.224,1.052,2.123,40%arabika+60%robusta
30433,2025-06-02T17:04:07,0.217,0.224,1.052,2.122,40%arabika+60%robusta
30434,2025-06-02T17:04:08,0.217,0.225,1.053,2.125,40%arabika+60%robusta
30435,2025-06-02T17:04:09,0.217,0.225,1.053,2.127,40%arabika+60%robusta
30436,2025-06-02T17:04:10,0.217,0.225,1.053,2.128,40%arabika+60%robusta
30437,2025-06-02T17:04:11,0.217,0.225,1.054,2.128,40%arabika+60%robusta
30438,2025-06-02T17:04:12,0.217,0.225,1.053,2.128,40%arabika+60%robusta
30439,2025-06-02T17:04:14,0.217,0.225,1.054,2.127,40%arabika+60%robusta
30440,2025-06-02T17:04:15,0.217,0.225,1.054,2.128,40%arabika+60%robusta
30441,2025-06-02T17:04:16,0.217,0.225,1.054,2.128,40%arabika+60%robusta
30442,2025-06-02T17:04:17,0.217,0.225,1.054,2.129,40%arabika+60%robusta
30443,2025-06-02T17:04:18,0.217,0.225,1.052,2.125,40%arabika+60%robusta
30444,2025-06-02T17:04:19,0.217,0.225,1.054,2.127,40%arabika+60%robusta
30445,2025-06-02T17:04:20,0.218,0.225,1.054,2.13,40%arabika+60%robusta
30446,2025-06-02T17:04:21,0.218,0.225,1.054,2.13,40%arabika+60%robusta
30447,2025-06-02T17:04:22,0.218,0.225,1.054,2.13,40%arabika+60%robusta
30448,2025-06-02T17:04:23,0.217,0.225,1.053,2.127,40%arabika+60%robusta
30449,2025-06-02T17:04:24,0.217,0.225,1.053,2.127,40%arabika+60%robusta
30450,2025-06-02T17:04:25,0.217,0.225,1.053,2.127,40%arabika+60%robusta
30451,2025-06-02T17:04:26,0.217,0.225,1.053,2.127,40%arabika+60%robusta
30452,2025-06-02T17:04:27,0.217,0.225,1.052,2.125,40%arabika+60%robusta
30453,2025-06-02T17:04:29,0.218,0.226,1.054,2.13,40%arabika+60%robusta
30454,2025-06-02T17:04:30,0.218,0.226,1.055,2.131,40%arabika+60%robusta
30455,2025-06-02T17:04:31,0.218,0.226,1.055,2.132,40%arabika+60%robusta
30456,2025-06-02T17:04:32,0.218,0.226,1.055,2.132,40%arabika+60%robusta
30457,2025-06-02T17:04:33,0.218,0.226,1.054,2.125,40%arabika+60%robusta
30458,2025-06-02T17:04:34,0.218,0.226,1.054,2.13,40%arabika+60%robusta
30459,2025-06-02T17:04:35,0.218,0.226,1.053,2.129,40%arabika+60%robusta
30460,2025-06-02T17:04:36,0.218,0.226,1.054,2.13,40%arabika+60%robusta
30461,2025-06-02T17:04:37,0.218,0.226,1.054,2.13,40%arabika+60%robusta
30462,2025-06-02T17:04:38,0.218,0.227,1.056,2.132,40%arabika+60%robusta
30463,2025-06-02T17:04:39,0.218,0.227,1.056,2.133,40%arabika+60%robusta
30464,2025-06-02T17:04:40,0.218,0.227,1.056,2.134,40%arabika+60%robusta
30465,2025-06-02T17:04:41,0.218,0.227,1.056,2.134,40%arabika+60%robusta
30466,2025-06-02T17:04:43,0.218,0.227,1.056,2.134,40%arabika+60%robusta
30467,2025-06-02T17:04:44,0.218,0.227,1.055,2.131,40%arabika+60%robusta
30468,2025-06-02T17:04:45,0.218,0.227,1.055,2.131,40%arabika+60%robusta
30469,2025-06-02T17:04:46,0.218,0.227,1.055,2.132,40%arabika+60%robusta
30470,2025-06-02T17:04:47,0.218,0.227,1.055,2.13,40%arabika+60%robusta
30471,2025-06-02T17:04:48,0.218,0.227,1.055,2.129,40%arabika+60%robusta
30472,2025-06-02T17:04:49,0.219,0.227,1.057,2.135,40%arabika+60%robusta
30473,2025-06-02T17:04:50,0.219,0.227,1.057,2.136,40%arabika+60%robusta
30474,2025-06-02T17:04:51,0.219,0.228,1.058,2.136,40%arabika+60%robusta
30475,2025-06-02T17:04:52,0.219,0.228,1.058,2.137,40%arabika+60%robusta
30476,2025-06-02T17:04:53,0.219,0.228,1.058,2.136,40%arabika+60%robusta
30477,2025-06-02T17:04:54,0.219,0.228,1.058,2.137,40%arabika+60%robusta
30478,2025-06-02T17:04:55,0.219,0.228,1.058,2.137,40%arabika+60%robusta
30479,2025-06-02T17:04:56,0.219,0.228,1.058,2.137,40%arabika+60%robusta
30480,2025-06-02T17:04:58,0.219,0.228,1.058,2.137,40%arabika+60%robusta
30481,2025-06-02T17:04:59,0.218,0.228,1.057,2.133,40%arabika+60%robusta
30482,2025-06-02T17:05:00,0.219,0.227,1.057,2.134,40%arabika+60%robusta
30483,2025-06-02T17:05:01,0.218,0.228,1.057,2.133,40%arabika+60%robusta
30484,2025-06-02T17:05:02,0.219,0.228,1.057,2.134,40%arabika+60%robusta
30485,2025-06-02T17:05:03,0.219,0.228,1.058,2.134,40%arabika+60%robusta
30486,2025-06-02T17:05:04,0.219,0.228,1.058,2.137,40%arabika+60%robusta
30487,2025-06-02T17:05:05,0.219,0.228,1.059,2.138,40%arabika+60%robusta
30488,2025-06-02T17:05:06,0.219,0.228,1.059,2.139,40%arabika+60%robusta
30489,2025-06-02T17:05:07,0.219,0.228,1.059,2.139,40%arabika+60%robusta
30490,2025-06-02T17:05:08,0.219,0.228,1.058,2.137,40%arabika+60%robusta
30491,2025-06-02T17:05:09,0.219,0.228,1.058,2.137,40%arabika+60%robusta
30492,2025-06-02T17:05:10,0.219,0.228,1.058,2.137,40%arabika+60%robusta
30493,2025-06-02T17:05:11,0.219,0.228,1.058,2.138,40%arabika+60%robusta
30494,2025-06-02T17:05:13,0.219,0.228,1.058,2.138,40%arabika+60%robusta
30495,2025-06-02T17:05:14,0.22,0.228,1.06,2.142,40%arabika+60%robusta
30496,2025-06-02T17:05:15,0.22,0.229,1.06,2.143,40%arabika+60%robusta
30497,2025-06-02T17:05:16,0.22,0.229,1.061,2.144,40%arabika+60%robusta
30498,2025-06-02T17:05:17,0.22,0.229,1.061,2.144,40%arabika+60%robusta
30499,2025-06-02T17:05:18,0.22,0.228,1.06,2.142,40%arabika+60%robusta
30500,2025-06-02T17:05:19,0.22,0.229,1.06,2.142,40%arabika+60%robusta
30501,2025-06-02T17:05:20,0.219,0.228,1.058,2.141,40%arabika+60%robusta
30502,2025-06-02T17:05:21,0.22,0.229,1.06,2.142,40%arabika+60%robusta
30503,2025-06-02T17:05:22,0.22,0.229,1.06,2.143,40%arabika+60%robusta
30504,2025-06-02T17:05:23,0.22,0.229,1.061,2.145,40%arabika+60%robusta
30505,2025-06-02T17:05:24,0.22,0.229,1.061,2.146,40%arabika+60%robusta
30506,2025-06-02T17:05:25,0.22,0.229,1.062,2.147,40%arabika+60%robusta
30507,2025-06-02T17:05:26,0.22,0.229,1.062,2.147,40%arabika+60%robusta
30508,2025-06-02T17:05:28,0.22,0.229,1.062,2.148,40%arabika+60%robusta
30509,2025-06-02T17:05:29,0.22,0.229,1.061,2.145,40%arabika+60%robusta
30510,2025-06-02T17:05:30,0.22,0.229,1.061,2.145,40%arabika+60%robusta
30511,2025-06-02T17:05:31,0.22,0.229,1.061,2.145,40%arabika+60%robusta
30512,2025-06-02T17:05:32,0.22,0.229,1.061,2.145,40%arabika+60%robusta
30513,2025-06-02T17:05:33,0.22,0.229,1.061,2.142,40%arabika+60%robusta
30514,2025-06-02T17:05:34,0.22,0.23,1.063,2.146,40%arabika+60%robusta
30515,2025-06-02T17:05:35,0.22,0.23,1.063,2.149,40%arabika+60%robusta
30516,2025-06-02T17:05:36,0.22,0.23,1.064,2.15,40%arabika+60%robusta
30517,2025-06-02T17:05:37,0.221,0.23,1.064,2.151,40%arabika+60%robusta
30518,2025-06-02T17:05:38,0.22,0.23,1.063,2.148,40%arabika+60%robusta
30519,2025-06-02T17:05:39,0.22,0.23,1.063,2.147,40%arabika+60%robusta
30520,2025-06-02T17:05:40,0.22,0.23,1.063,2.148,40%arabika+60%robusta
30521,2025-06-02T17:05:41,0.22,0.23,1.063,2.148,40%arabika+60%robusta
30522,2025-06-02T17:05:43,0.22,0.23,1.062,2.148,40%arabika+60%robusta
30523,2025-06-02T17:05:44,0.221,0.23,1.065,2.151,40%arabika+60%robusta
30524,2025-06-02T17:05:45,0.221,0.23,1.065,2.152,40%arabika+60%robusta
30525,2025-06-02T17:05:46,0.221,0.23,1.065,2.152,40%arabika+60%robusta
30526,2025-06-02T17:05:47,0.221,0.23,1.065,2.152,40%arabika+60%robusta
30527,2025-06-02T17:05:48,0.221,0.23,1.065,2.15,40%arabika+60%robusta
30528,2025-06-02T17:05:49,0.221,0.23,1.063,2.15,40%arabika+60%robusta
30529,2025-06-02T17:05:50,0.221,0.23,1.064,2.15,40%arabika+60%robusta
30530,2025-06-02T17:05:51,0.221,0.23,1.064,2.15,40%arabika+60%robusta
30531,2025-06-02T17:05:52,0.221,0.23,1.064,2.151,40%arabika+60%robusta
30532,2025-06-02T17:05:53,0.221,0.23,1.065,2.154,40%arabika+60%robusta
30533,2025-06-02T17:05:54,0.221,0.23,1.066,2.154,40%arabika+60%robusta
30534,2025-06-02T17:05:55,0.221,0.231,1.066,2.155,40%arabika+60%robusta
30535,2025-06-02T17:05:56,0.221,0.231,1.067,2.156,40%arabika+60%robusta
30536,2025-06-02T17:05:58,0.221,0.231,1.067,2.156,40%arabika+60%robusta
30537,2025-06-02T17:05:59,0.221,0.231,1.067,2.156,40%arabika+60%robusta
30538,2025-06-02T17:06:00,0.221,0.231,1.067,2.157,40%arabika+60%robusta
30539,2025-06-02T17:06:01,0.221,0.231,1.067,2.157,40%arabika+60%robusta
30540,2025-06-02T17:06:02,0.221,0.231,1.067,2.157,40%arabika+60%robusta
30541,2025-06-02T17:06:03,0.221,0.231,1.066,2.155,40%arabika+60%robusta
30542,2025-06-02T17:06:04,0.221,0.231,1.066,2.154,40%arabika+60%robusta
30543,2025-06-02T17:06:05,0.221,0.231,1.066,2.154,40%arabika+60%robusta
30544,2025-06-02T17:06:06,0.221,0.231,1.066,2.154,40%arabika+60%robusta
30545,2025-06-02T17:06:07,0.221,0.231,1.066,2.154,40%arabika+60%robusta
30546,2025-06-02T17:06:08,0.221,0.231,1.067,2.157,40%arabika+60%robusta
30547,2025-06-02T17:06:09,0.222,0.231,1.068,2.158,40%arabika+60%robusta
30548,2025-06-02T17:06:10,0.222,0.232,1.068,2.159,40%arabika+60%robusta
30549,2025-06-02T17:06:12,0.222,0.232,1.069,2.16,40%arabika+60%robusta
30550,2025-06-02T17:06:13,0.222,0.232,1.069,2.16,40%arabika+60%robusta
30551,2025-06-02T17:06:14,0.222,0.232,1.067,2.157,40%arabika+60%robusta
30552,2025-06-02T17:06:15,0.222,0.231,1.067,2.157,40%arabika+60%robusta
30553,2025-06-02T17:06:16,0.222,0.232,1.067,2.157,40%arabika+60%robusta
